{"shape": [512], "dtype": "float32", "norm_l2": 22.889129638671875, "values": [-1.839113473892212, 0.09572340548038483, -1.8985767364501953, -0.07365685701370239, -0.4001896381378174, 0.20202016830444336, 0.38409966230392456, -0.7494422793388367, -1.2374308109283447, -0.045510292053222656, -0.9417119026184082, -0.716680109500885, -0.42235255241394043, 0.2970794439315796, -2.83323073387146, -1.3825172185897827, -0.07603216916322708, 0.2666451334953308, -0.22606796026229858, -1.635594129562378, 1.0120563507080078, 0.25958743691444397, -0.8052629828453064, -1.8709468841552734, 2.208425521850586, 1.1575218439102173, 0.7350298166275024, -0.5954365134239197, -0.524174690246582, -0.4237936735153198, -0.7389316558837891, -2.01230525970459, 0.7122550010681152, 0.6550226211547852, -0.31323742866516113, -0.027698054909706116, 0.04029920697212219, 1.0151681900024414, 1.1449536085128784, 0.8402054309844971, 1.5251737833023071, -1.3847910165786743, -0.02027556300163269, -0.9604237079620361, 0.748583197593689, 1.1756319999694824, -0.2352358102798462, -0.6299315094947815, -1.5343210697174072, 0.034108638763427734, -0.4998653829097748, -0.6181148290634155, 0.9835450649261475, 0.23914644122123718, -0.19464318454265594, 1.1492376327514648, -1.413216471672058, -1.1042671203613281, 0.40184855461120605, -0.05969233065843582, 0.3873051702976227, 1.4382030963897705, 1.5042637586593628, -1.0529953241348267, -0.71023029088974, -0.20888182520866394, -0.16381098330020905, -0.6333582997322083, -0.49236395955085754, 0.09341942518949509, 0.44933149218559265, -0.10935954749584198, -0.8704650402069092, -0.11122582852840424, -0.5236430764198303, -0.45188766717910767, -0.18511630594730377, 0.36781734228134155, 1.6524055004119873, 0.061436086893081665, 0.48356130719184875, -2.4182488918304443, -0.7333509922027588, -0.14166991412639618, 0.10492297261953354, 0.9758525490760803, 1.4367597103118896, -1.3858076333999634, -0.524466335773468, 0.321726530790329, -1.6532068252563477, -0.38665708899497986, 0.26268255710601807, -0.6156909465789795, -0.15416264533996582, 0.17213203012943268, -0.210961252450943, -0.0659128874540329, -2.1069793701171875, -0.5947811603546143, -1.6908814907073975, -1.1351631879806519, -0.19074952602386475, 0.1899671107530594, -0.901917576789856, -0.29524198174476624, -1.3056076765060425, -1.1266568899154663, -0.022402198985219002, 0.15089407563209534, 0.6440916061401367, 0.09577859193086624, 0.015474777668714523, 0.16567201912403107, -0.6732606887817383, -1.0495061874389648, -0.615805983543396, 0.32206881046295166, 0.377560555934906, -0.19048312306404114, 0.7154285907745361, -1.0005404949188232, 0.019776910543441772, 1.2703065872192383, 0.7051116228103638, -1.153064489364624, -0.3908861577510834, 0.09888455271720886, -0.254977822303772, 0.5671185851097107, -0.34582608938217163, 1.7995914220809937, 0.21991859376430511, 1.9675753116607666, 0.7951401472091675, -1.1759591102600098, 0.06263838708400726, -1.3726227283477783, -1.7128491401672363, -0.2787855267524719, 1.1008236408233643, 1.793851375579834, -0.3169046640396118, 0.9016055464744568, -1.1483925580978394, -0.42926281690597534, 1.1660361289978027, 0.47210177779197693, 0.04395969957113266, -0.007005035877227783, -0.34752216935157776, -2.4161455631256104, 1.5501896142959595, 0.8428743481636047, -0.28634482622146606, 0.005402803421020508, -0.0295492485165596, 0.8621629476547241, -0.1188075989484787, 0.26882702112197876, 0.18852877616882324, 0.6867963671684265, 1.4981932640075684, -1.1872178316116333, -0.42617863416671753, -0.9672091603279114, 1.4742969274520874, -0.6957074403762817, 0.441999614238739, -1.3146530389785767, -0.6877197623252869, -0.08995890617370605, -2.6508073806762695, -0.43993446230888367, 0.631382405757904, -2.3950483798980713, -0.5170176029205322, 0.38015425205230713, 0.0076915062963962555, -0.461519330739975, 0.3639170527458191, -0.5050162672996521, -0.7496748566627502, -0.9487085342407227, -0.9733083844184875, -1.5389150381088257, 0.34731757640838623, 0.44850409030914307, -0.9181766510009766, -0.3468207120895386, -0.9264723658561707, 0.7783963680267334, 0.4055634140968323, 0.8994455337524414, 0.16286039352416992, -1.3658826351165771, 0.7296702861785889, -0.4492133855819702, -0.2519173324108124, 0.7716141939163208, 1.645452857017517, 1.4229719638824463, -0.05672283470630646, -1.797784447669983, 0.4983174800872803, 0.6311593055725098, 0.6010876893997192, 0.42088598012924194, -2.292262315750122, -1.1709058284759521, -0.8094916343688965, 1.7410063743591309, -2.0627899169921875, -1.803351879119873, 0.043069928884506226, -0.45006728172302246, 1.5082483291625977, -0.860234260559082, 0.2920914590358734, 1.149940848350525, -0.9048640131950378, -0.5704972147941589, 0.1646219938993454, -0.3195308446884155, -0.24470189213752747, 0.6148877143859863, 0.12059926986694336, 2.0444557666778564, 0.5075838565826416, 1.4326484203338623, -0.4095056653022766, 0.6926135420799255, -0.6567776799201965, 0.967423677444458, 0.9631407260894775, 1.0381810665130615, -0.974334716796875, 1.2693371772766113, -0.7207372784614563, 0.41589921712875366, -0.3088451027870178, 0.43398192524909973, -2.3567657470703125, -1.0330588817596436, -1.2002805471420288, -0.2968299984931946, 1.3385515213012695, -0.2625996470451355, -1.3204379081726074, 1.3917410373687744, 1.6973981857299805, 0.656101644039154, -0.21888206899166107, -0.4846436381340027, 0.037026580423116684, 0.2520245313644409, 0.4900839030742645, -0.43978017568588257, 1.7084555625915527, 0.21869021654129028, 0.6753576397895813, -0.05595354735851288, -0.6303487420082092, -0.8112792372703552, 0.8953728675842285, 0.8136583566665649, -0.9293174147605896, -0.9240672588348389, 1.861643671989441, -0.932227373123169, -0.31581762433052063, -0.022362275049090385, 0.5075227618217468, -1.2593834400177002, 0.8022502064704895, 0.2282726913690567, -0.2861471176147461, 1.9510159492492676, -1.342231035232544, -1.342045783996582, -0.5556612014770508, 0.26735448837280273, 0.9777845740318298, 0.461238294839859, -1.0525403022766113, -0.8350390791893005, -1.9937794208526611, -1.2851475477218628, -0.13630282878875732, 0.03095538169145584, -1.2068536281585693, 0.18623366951942444, 1.8755582571029663, 0.5222114324569702, -1.0360162258148193, 1.5336300134658813, -0.08418357372283936, 0.4661177694797516, 0.19519609212875366, -1.547178030014038, 0.7796895503997803, 0.1741151213645935, -0.5833575129508972, 1.4432324171066284, 1.668104887008667, 0.08654098957777023, -2.0024261474609375, 0.9915100336074829, -0.025384366512298584, -1.0107706785202026, -0.8817507028579712, -1.0817821025848389, -0.26381850242614746, 0.3564363420009613, -0.832486629486084, -0.7009223103523254, -1.0768715143203735, -0.19901342689990997, -0.46637988090515137, -1.5024950504302979, 0.5705441832542419, -2.586888551712036, -1.022584319114685, -0.8501186370849609, 0.27748823165893555, -0.1762750893831253, -1.7240957021713257, 0.09020207822322845, -0.9389699101448059, -0.33959200978279114, 1.1857786178588867, 0.6483339071273804, 0.025081127882003784, 0.4104882776737213, 1.6799046993255615, 2.539755344390869, 0.04951675608754158, 0.8861073851585388, 1.5939604043960571, -1.0193794965744019, 0.9857448935508728, 1.7879860401153564, 0.8977334499359131, -1.8967849016189575, -1.3648895025253296, -1.7726943492889404, 0.42926499247550964, -0.21962162852287292, 0.307840496301651, 0.05779676139354706, 1.0568079948425293, -1.0857489109039307, 3.002535581588745, 0.8242591619491577, -1.633171558380127, -0.6570531725883484, -2.7987818717956543, -0.5122914910316467, -0.8270652890205383, -2.4731664657592773, 0.6563947200775146, -1.1546235084533691, -0.3820817768573761, -0.5308857560157776, -0.9960904121398926, 2.0325310230255127, 0.46662014722824097, 0.16457191109657288, 0.8607602119445801, 1.53325617313385, -0.9375730156898499, -0.21862457692623138, 1.3239270448684692, 0.16400635242462158, 0.9360976219177246, -0.4829303026199341, 1.1227033138275146, 2.471007823944092, -0.5941814184188843, 1.5775433778762817, 0.17693214118480682, -0.16544383764266968, 